pid,group,matrix_name,together,opposed,pull
1,AI,FAVvsMJP,5,3.5,-1.5
1,AI,MDvsMIP/MJP,5,5,0
1,AI,FAVvsP,3.5,8,4.5
2,AI,FAVvsMJP,7.5,8.5,1
2,AI,MDvsMIP/MJP,9.5,3,-6.5
2,AI,FAVvsP,1.5,9,7.5
3,AI,FAVvsMJP,2.5,12,9.5
3,AI,MDvsMIP/MJP,1,1,0
3,AI,FAVvsP,6,10.5,4.5
4,AI,FAVvsMJP,0,12,12
4,AI,MDvsMIP/MJP,2.5,3.5,1
4,AI,FAVvsP,6,12,6
5,AI,FAVvsMJP,0,12,12
5,AI,MDvsMIP/MJP,0,0,0
5,AI,FAVvsP,0,12,12
6,AI,FAVvsMJP,3,9.5,6.5
6,AI,MDvsMIP/MJP,3.5,6,2.5
6,AI,FAVvsP,5,9,4
7,AI,FAVvsMJP,5,6,1
7,AI,MDvsMIP/MJP,0,0,0
7,AI,FAVvsP,0,4,4
8,AI,FAVvsMJP,0.5,7.5,7
8,AI,MDvsMIP/MJP,0,7.5,7.5
8,AI,FAVvsP,0,6,6
9,AI,FAVvsMJP,3,9,6
9,AI,MDvsMIP/MJP,1,10,9
9,AI,FAVvsP,0,4.5,4.5
10,AI,FAVvsMJP,5.5,6.5,1
10,AI,MDvsMIP/MJP,6.5,7.5,1
10,AI,FAVvsP,5.5,7.5,2
11,AI,FAVvsMJP,0.5,12,11.5
11,AI,MDvsMIP/MJP,1.5,8,6.5
11,AI,FAVvsP,0.5,11,10.5
12,AI,FAVvsMJP,5.5,8,2.5
12,AI,MDvsMIP/MJP,6,5,-1
12,AI,FAVvsP,1.5,0,-1.5
13,AI,FAVvsMJP,5,7.5,2.5
13,AI,MDvsMIP/MJP,3.5,7.5,4
13,AI,FAVvsP,0,2.5,2.5
14,AI,FAVvsMJP,1,2,1
14,AI,MDvsMIP/MJP,6.5,4.5,-2
14,AI,FAVvsP,2.5,4.5,2
15,AI,FAVvsMJP,11.5,5.5,-6
15,AI,MDvsMIP/MJP,10,9,-1
15,AI,FAVvsP,11,0.5,-10.5
16,AI,FAVvsMJP,5.5,9,3.5
16,AI,MDvsMIP/MJP,5,4,-1
16,AI,FAVvsP,0,0,0
17,AI,FAVvsMJP,7,6,-1
17,AI,MDvsMIP/MJP,6.5,4,-2.5
17,AI,FAVvsP,7,6,-1
18,AI,FAVvsMJP,3.5,6,2.5
18,AI,MDvsMIP/MJP,4,9.5,5.5
18,AI,FAVvsP,0,3.5,3.5
19,AI,FAVvsMJP,0,12,12
19,AI,MDvsMIP/MJP,0,0,0
19,AI,FAVvsP,0,12,12
20,AI,FAVvsMJP,3.5,8.5,5
20,AI,MDvsMIP/MJP,1,8.5,7.5
20,AI,FAVvsP,0,3.5,3.5
21,AI,FAVvsMJP,6,6.5,0.5
21,AI,MDvsMIP/MJP,4.5,5,0.5
21,AI,FAVvsP,5,6.5,1.5
22,AI,FAVvsMJP,3.5,10,6.5
22,AI,MDvsMIP/MJP,3.5,8.5,5
22,AI,FAVvsP,3.5,7.5,4
23,AI,FAVvsMJP,6,6,0
23,AI,MDvsMIP/MJP,0.5,3,2.5
23,AI,FAVvsP,0,2.5,2.5
24,AI,FAVvsMJP,5.5,8,2.5
24,AI,MDvsMIP/MJP,6.5,8,1.5
24,AI,FAVvsP,0,1.5,1.5
25,AI,FAVvsMJP,6,10.5,4.5
25,AI,MDvsMIP/MJP,3,5,2
25,AI,FAVvsP,0.5,4,3.5
26,AI,FAVvsMJP,2.5,6,3.5
26,AI,MDvsMIP/MJP,4.5,1,-3.5
26,AI,FAVvsP,6,5,-1
27,AI,FAVvsMJP,0,7,7
27,AI,MDvsMIP/MJP,2,0,-2
27,AI,FAVvsP,7.5,5,-2.5
28,AI,FAVvsMJP,6,6,0
28,AI,MDvsMIP/MJP,6,6,0
28,AI,FAVvsP,0,0,0
29,AI,FAVvsMJP,6,6,0
29,AI,MDvsMIP/MJP,6,6,0
29,AI,FAVvsP,0,0,0
30,AI,FAVvsMJP,6,6,0
30,AI,MDvsMIP/MJP,6,6,0
30,AI,FAVvsP,6,6,0
31,AI,FAVvsMJP,7,6.5,-0.5
31,AI,MDvsMIP/MJP,3.5,7.5,4
31,AI,FAVvsP,5.5,8.5,3
32,AI,FAVvsMJP,4,8.5,4.5
32,AI,MDvsMIP/MJP,2.5,8.5,6
32,AI,FAVvsP,4,5.5,1.5
33,AI,FAVvsMJP,0,12,12
33,AI,MDvsMIP/MJP,0,11.5,11.5
33,AI,FAVvsP,0,6,6
34,AI,FAVvsMJP,0,6,6
34,AI,MDvsMIP/MJP,0,0,0
34,AI,FAVvsP,0,0,0
35,AI,FAVvsMJP,0,12,12
35,AI,MDvsMIP/MJP,0,0,0
35,AI,FAVvsP,0,12,12
36,AI,FAVvsMJP,5,3.5,-1.5
36,AI,MDvsMIP/MJP,6.5,9.5,3
36,AI,FAVvsP,8,8,0
37,AI,FAVvsMJP,0,12,12
37,AI,MDvsMIP/MJP,0,0,0
37,AI,FAVvsP,0,12,12
38,AI,FAVvsMJP,2.5,10.5,8
38,AI,MDvsMIP/MJP,1.5,9,7.5
38,AI,FAVvsP,0.5,7,6.5
39,AI,FAVvsMJP,11,5,-6
39,AI,MDvsMIP/MJP,8.5,6.5,-2
39,AI,FAVvsP,5,6.5,1.5
40,AI,FAVvsMJP,7,6.5,-0.5
40,AI,MDvsMIP/MJP,12,12,0
40,AI,FAVvsP,0,0,0
41,AI,FAVvsMJP,6.5,6.5,0
41,AI,MDvsMIP/MJP,9,6.5,-2.5
41,AI,FAVvsP,6.5,6,-0.5
42,AI,FAVvsMJP,6,6,0
42,AI,MDvsMIP/MJP,5.5,3,-2.5
42,AI,FAVvsP,2,6,4
43,AI,FAVvsMJP,7.5,5,-2.5
43,AI,MDvsMIP/MJP,5.5,10.5,5
43,AI,FAVvsP,6,11,5
44,AI,FAVvsMJP,4,8.5,4.5
44,AI,MDvsMIP/MJP,4,7,3
44,AI,FAVvsP,4,5.5,1.5
45,AI,FAVvsMJP,3,7.5,4.5
45,AI,MDvsMIP/MJP,2.5,7.5,5
45,AI,FAVvsP,0,5,5
46,AI,FAVvsMJP,0,12,12
46,AI,MDvsMIP/MJP,0,0,0
46,AI,FAVvsP,0,12,12
47,AI,FAVvsMJP,2.5,9,6.5
47,AI,MDvsMIP/MJP,5.5,4.5,-1
47,AI,FAVvsP,0,7.5,7.5
48,AI,FAVvsMJP,12,6,-6
48,AI,MDvsMIP/MJP,0,2,2
48,AI,FAVvsP,9,6,-3
49,AI,FAVvsMJP,6,6,0
49,AI,MDvsMIP/MJP,6,6,0
49,AI,FAVvsP,6,4,-2
50,AI,FAVvsMJP,3,4,1
50,AI,MDvsMIP/MJP,7.5,7,-0.5
50,AI,FAVvsP,6,5.5,-0.5
51,AI,FAVvsMJP,3,9,6
51,AI,MDvsMIP/MJP,4,5,1
51,AI,FAVvsP,3.5,8,4.5
52,AI,FAVvsMJP,8.5,7,-1.5
52,AI,MDvsMIP/MJP,9,9.5,0.5
52,AI,FAVvsP,8,3,-5
53,AI,FAVvsMJP,4.5,9.5,5
53,AI,MDvsMIP/MJP,8.5,5,-3.5
53,AI,FAVvsP,4,8.5,4.5
54,AI,FAVvsMJP,3,7,4
54,AI,MDvsMIP/MJP,3,5,2
54,AI,FAVvsP,6,0,-6
55,AI,FAVvsMJP,5.5,8,2.5
55,AI,MDvsMIP/MJP,8.5,4,-4.5
55,AI,FAVvsP,6,6,0
56,AI,FAVvsMJP,3.5,6.5,3
56,AI,MDvsMIP/MJP,0,0,0
56,AI,FAVvsP,0,6.5,6.5
57,AI,FAVvsMJP,5.5,4.5,-1
57,AI,MDvsMIP/MJP,7,5,-2
57,AI,FAVvsP,4.5,9,4.5
58,AI,FAVvsMJP,12,0,-12
58,AI,MDvsMIP/MJP,12,6,-6
58,AI,FAVvsP,6.5,1.5,-5
59,AI,FAVvsMJP,6.5,4.5,-2
59,AI,MDvsMIP/MJP,6,10.5,4.5
59,AI,FAVvsP,10.5,6,-4.5
60,AI,FAVvsMJP,3.5,9.5,6
60,AI,MDvsMIP/MJP,1.5,0.5,-1
60,AI,FAVvsP,0,9,9
61,AI,FAVvsMJP,0,12,12
61,AI,MDvsMIP/MJP,0,0,0
61,AI,FAVvsP,0,6,6
62,AI,FAVvsMJP,6.5,6,-0.5
62,AI,MDvsMIP/MJP,10,6,-4
62,AI,FAVvsP,9,6,-3
63,AI,FAVvsMJP,5.5,8.5,3
63,AI,MDvsMIP/MJP,7,6,-1
63,AI,FAVvsP,5,5,0
64,AI,FAVvsMJP,6.5,5,-1.5
64,AI,MDvsMIP/MJP,3,0.5,-2.5
64,AI,FAVvsP,4,4,0
65,AI,FAVvsMJP,0,12,12
65,AI,MDvsMIP/MJP,0,0,0
65,AI,FAVvsP,0,11.5,11.5
66,AI,FAVvsMJP,5,5.5,0.5
66,AI,MDvsMIP/MJP,5,8.5,3.5
66,AI,FAVvsP,4,7,3
67,AI,FAVvsMJP,3,12,9
67,AI,MDvsMIP/MJP,0,5,5
67,AI,FAVvsP,0.5,12,11.5
68,AI,FAVvsMJP,3,12,9
68,AI,MDvsMIP/MJP,0,0,0
68,AI,FAVvsP,0,12,12
69,AI,FAVvsMJP,0,12,12
69,AI,MDvsMIP/MJP,0,6,6
69,AI,FAVvsP,0,12,12
70,AI,FAVvsMJP,3.5,7,3.5
70,AI,MDvsMIP/MJP,0,0,0
70,AI,FAVvsP,0,6,6
71,AI,FAVvsMJP,1,4,3
71,AI,MDvsMIP/MJP,1.5,0,-1.5
71,AI,FAVvsP,1.5,6,4.5
72,AI,FAVvsMJP,2,8,6
72,AI,MDvsMIP/MJP,3,0,-3
72,AI,FAVvsP,0,8.5,8.5
73,AI,FAVvsMJP,0,12,12
73,AI,MDvsMIP/MJP,0,0,0
73,AI,FAVvsP,0,12,12
74,AI,FAVvsMJP,3,8.5,5.5
74,AI,MDvsMIP/MJP,3,7.5,4.5
74,AI,FAVvsP,0,3.5,3.5
75,AI,FAVvsMJP,4.5,9,4.5
75,AI,MDvsMIP/MJP,4.5,7.5,3
75,AI,FAVvsP,0,5,5
76,AI,FAVvsMJP,2,10.5,8.5
76,AI,MDvsMIP/MJP,0.5,2,1.5
76,AI,FAVvsP,0,9.5,9.5
77,AI,FAVvsMJP,3,12,9
77,AI,MDvsMIP/MJP,0,3,3
77,AI,FAVvsP,0,12,12
78,AI,FAVvsMJP,0,12,12
78,AI,MDvsMIP/MJP,0,12,12
78,AI,FAVvsP,0,12,12
79,AI,FAVvsMJP,4,10,6
79,AI,MDvsMIP/MJP,1,9.5,8.5
79,AI,FAVvsP,3.5,7.5,4
80,AI,FAVvsMJP,8.5,3.5,-5
80,AI,MDvsMIP/MJP,10,8.5,-1.5
80,AI,FAVvsP,5,1,-4
81,AI,FAVvsMJP,0,12,12
81,AI,MDvsMIP/MJP,0,0,0
81,AI,FAVvsP,0,12,12
82,AI,FAVvsMJP,3,7,4
82,AI,MDvsMIP/MJP,3.5,7.5,4
82,AI,FAVvsP,0,5,5
83,AI,FAVvsMJP,4.5,6,1.5
83,AI,MDvsMIP/MJP,3,5.5,2.5
83,AI,FAVvsP,0,0.5,0.5
84,AI,FAVvsMJP,9,1,-8
84,AI,MDvsMIP/MJP,5.5,3,-2.5
84,AI,FAVvsP,8,11,3
85,AI,FAVvsMJP,9,2.5,-6.5
85,AI,MDvsMIP/MJP,9,6,-3
85,AI,FAVvsP,12,3.5,-8.5
86,AI,FAVvsMJP,0,9,9
86,AI,MDvsMIP/MJP,0,0,0
86,AI,FAVvsP,0,0,0
87,AI,FAVvsMJP,4.5,6,1.5
87,AI,MDvsMIP/MJP,4.5,5,0.5
87,AI,FAVvsP,5.5,7,1.5
88,AI,FAVvsMJP,4,5,1
88,AI,MDvsMIP/MJP,3.5,1,-2.5
88,AI,FAVvsP,6,7.5,1.5
89,AI,FAVvsMJP,4,0,-4
89,AI,MDvsMIP/MJP,3.5,6,2.5
89,AI,FAVvsP,9,3,-6
90,AI,FAVvsMJP,8,8,0
90,AI,MDvsMIP/MJP,4,2.5,-1.5
90,AI,FAVvsP,6.5,8.5,2
91,AI,FAVvsMJP,11.5,2,-9.5
91,AI,MDvsMIP/MJP,3,3,0
91,AI,FAVvsP,8,2.5,-5.5
92,AI,FAVvsMJP,2.5,9.5,7
92,AI,MDvsMIP/MJP,2.5,6,3.5
92,AI,FAVvsP,2.5,6,3.5
93,AI,FAVvsMJP,4.5,6,1.5
93,AI,MDvsMIP/MJP,4.5,1.5,-3
93,AI,FAVvsP,0,0,0
94,AI,FAVvsMJP,0,12,12
94,AI,MDvsMIP/MJP,1.5,0,-1.5
94,AI,FAVvsP,0,12,12
95,AI,FAVvsMJP,5.5,7,1.5
95,AI,MDvsMIP/MJP,5.5,7.5,2
95,AI,FAVvsP,7,7.5,0.5
96,Human,FAVvsMJP,6,12,6
96,Human,MDvsMIP/MJP,0,0,0
96,Human,FAVvsP,0,6,6
97,Human,FAVvsMJP,6,6,0
97,Human,MDvsMIP/MJP,0,0,0
97,Human,FAVvsP,0,0,0
98,Human,FAVvsMJP,0,12,12
98,Human,MDvsMIP/MJP,0,6,6
98,Human,FAVvsP,0,12,12
99,Human,FAVvsMJP,0,12,12
99,Human,MDvsMIP/MJP,0,7,7
99,Human,FAVvsP,0.5,12,11.5
100,Human,FAVvsMJP,4,7.5,3.5
100,Human,MDvsMIP/MJP,0,0,0
100,Human,FAVvsP,2,5,3
101,Human,FAVvsMJP,6,6.5,0.5
101,Human,MDvsMIP/MJP,6,6,0
101,Human,FAVvsP,1.5,0,-1.5
102,Human,FAVvsMJP,5.5,2,-3.5
102,Human,MDvsMIP/MJP,9.5,10,0.5
102,Human,FAVvsP,10,4,-6
103,Human,FAVvsMJP,3.5,6.5,3
103,Human,MDvsMIP/MJP,0,0,0
103,Human,FAVvsP,1,4,3
104,Human,FAVvsMJP,2,12,10
104,Human,MDvsMIP/MJP,3.5,0,-3.5
104,Human,FAVvsP,2.5,8,5.5
105,Human,FAVvsMJP,0,9.5,9.5
105,Human,MDvsMIP/MJP,1.5,2.5,1
105,Human,FAVvsP,6,12,6
106,Human,FAVvsMJP,8.5,11,2.5
106,Human,MDvsMIP/MJP,7,4.5,-2.5
106,Human,FAVvsP,1.5,4,2.5
107,Human,FAVvsMJP,5.5,6,0.5
107,Human,MDvsMIP/MJP,0,0.5,0.5
107,Human,FAVvsP,0,1,1
108,Human,FAVvsMJP,2,7.5,5.5
108,Human,MDvsMIP/MJP,0,2,2
108,Human,FAVvsP,1,8.5,7.5
109,Human,FAVvsMJP,3.5,8,4.5
109,Human,MDvsMIP/MJP,0.5,3,2.5
109,Human,FAVvsP,2,8,6
110,Human,FAVvsMJP,6,5.5,-0.5
110,Human,MDvsMIP/MJP,3,0,-3
110,Human,FAVvsP,0.5,2.5,2
111,Human,FAVvsMJP,2.5,11,8.5
111,Human,MDvsMIP/MJP,4,1.5,-2.5
111,Human,FAVvsP,0.5,8.5,8
112,Human,FAVvsMJP,4.5,7.5,3
112,Human,MDvsMIP/MJP,5,9.5,4.5
112,Human,FAVvsP,1,2,1
113,Human,FAVvsMJP,3,9,6
113,Human,MDvsMIP/MJP,6,0,-6
113,Human,FAVvsP,0,8,8
114,Human,FAVvsMJP,3,7.5,4.5
114,Human,MDvsMIP/MJP,0,2.5,2.5
114,Human,FAVvsP,0,2.5,2.5
115,Human,FAVvsMJP,5.5,7,1.5
115,Human,MDvsMIP/MJP,2.5,5.5,3
115,Human,FAVvsP,0,2,2
116,Human,FAVvsMJP,4.5,7.5,3
116,Human,MDvsMIP/MJP,1.5,0,-1.5
116,Human,FAVvsP,3,4.5,1.5
117,Human,FAVvsMJP,3,7.5,4.5
117,Human,MDvsMIP/MJP,0,0,0
117,Human,FAVvsP,0,3,3
118,Human,FAVvsMJP,0.5,6,5.5
118,Human,MDvsMIP/MJP,0,1.5,1.5
118,Human,FAVvsP,6,6,0
119,Human,FAVvsMJP,0,12,12
119,Human,MDvsMIP/MJP,1.5,0.5,-1
119,Human,FAVvsP,1.5,11.5,10
120,Human,FAVvsMJP,2.5,10,7.5
120,Human,MDvsMIP/MJP,0.5,4.5,4
120,Human,FAVvsP,0.5,6,5.5
121,Human,FAVvsMJP,3,6.5,3.5
121,Human,MDvsMIP/MJP,0,0,0
121,Human,FAVvsP,0,5.5,5.5
122,Human,FAVvsMJP,3.5,6.5,3
122,Human,MDvsMIP/MJP,0,0,0
122,Human,FAVvsP,0,6,6
123,Human,FAVvsMJP,2,12,10
123,Human,MDvsMIP/MJP,0,0,0
123,Human,FAVvsP,0,11,11
124,Human,FAVvsMJP,4.5,5,0.5
124,Human,MDvsMIP/MJP,0,0,0
124,Human,FAVvsP,3,4.5,1.5
125,Human,FAVvsMJP,3.5,4,0.5
125,Human,MDvsMIP/MJP,0,0,0
125,Human,FAVvsP,2,1,-1
126,Human,FAVvsMJP,8,11.5,3.5
126,Human,MDvsMIP/MJP,4.5,5,0.5
126,Human,FAVvsP,3,5.5,2.5
127,Human,FAVvsMJP,0,12,12
127,Human,MDvsMIP/MJP,0,0,0
127,Human,FAVvsP,0,12,12
128,Human,FAVvsMJP,3,9,6
128,Human,MDvsMIP/MJP,0,3,3
128,Human,FAVvsP,0,12,12
129,Human,FAVvsMJP,5.5,11.5,6
129,Human,MDvsMIP/MJP,6,6,0
129,Human,FAVvsP,5.5,5.5,0
130,Human,FAVvsMJP,6.5,5,-1.5
130,Human,MDvsMIP/MJP,5,9.5,4.5
130,Human,FAVvsP,5.5,4.5,-1
131,Human,FAVvsMJP,3,6,3
131,Human,MDvsMIP/MJP,5.5,6,0.5
131,Human,FAVvsP,0,0,0
132,Human,FAVvsMJP,4,8,4
132,Human,MDvsMIP/MJP,0.5,3,2.5
132,Human,FAVvsP,1,5.5,4.5
133,Human,FAVvsMJP,4.5,5.5,1
133,Human,MDvsMIP/MJP,3.5,1.5,-2
133,Human,FAVvsP,0,2,2
134,Human,FAVvsMJP,0,12,12
134,Human,MDvsMIP/MJP,0,0,0
134,Human,FAVvsP,0,12,12
135,Human,FAVvsMJP,3.5,9,5.5
135,Human,MDvsMIP/MJP,0,0,0
135,Human,FAVvsP,3.5,5.5,2
136,Human,FAVvsMJP,5.5,7,1.5
136,Human,MDvsMIP/MJP,0,0,0
136,Human,FAVvsP,4.5,5,0.5
137,Human,FAVvsMJP,0,6,6
137,Human,MDvsMIP/MJP,0.5,3,2.5
137,Human,FAVvsP,0,6,6
138,Human,FAVvsMJP,4,5,1
138,Human,MDvsMIP/MJP,2,4.5,2.5
138,Human,FAVvsP,7,6,-1
139,Human,FAVvsMJP,5.5,3,-2.5
139,Human,MDvsMIP/MJP,6.5,7,0.5
139,Human,FAVvsP,1.5,9,7.5
140,Human,FAVvsMJP,6,6,0
140,Human,MDvsMIP/MJP,2,5,3
140,Human,FAVvsP,0.5,1,0.5
141,Human,FAVvsMJP,4.5,8.5,4
141,Human,MDvsMIP/MJP,7,7,0
141,Human,FAVvsP,4.5,4,-0.5
142,Human,FAVvsMJP,2,8,6
142,Human,MDvsMIP/MJP,4.5,8,3.5
142,Human,FAVvsP,0.5,8.5,8
143,Human,FAVvsMJP,0,6.5,6.5
143,Human,MDvsMIP/MJP,3,3,0
143,Human,FAVvsP,6,11,5
144,Human,FAVvsMJP,1,7,6
144,Human,MDvsMIP/MJP,1.5,0,-1.5
144,Human,FAVvsP,0,11.5,11.5
145,Human,FAVvsMJP,3,8,5
145,Human,MDvsMIP/MJP,4,8,4
145,Human,FAVvsP,0,2,2
146,Human,FAVvsMJP,5,7.5,2.5
146,Human,MDvsMIP/MJP,4.5,4,-0.5
146,Human,FAVvsP,0.5,0,-0.5
147,Human,FAVvsMJP,0,12,12
147,Human,MDvsMIP/MJP,0,0,0
147,Human,FAVvsP,0,12,12
148,Human,FAVvsMJP,0,7.5,7.5
148,Human,MDvsMIP/MJP,0,0,0
148,Human,FAVvsP,0,9.5,9.5
149,Human,FAVvsMJP,8,6,-2
149,Human,MDvsMIP/MJP,9.5,5.5,-4
149,Human,FAVvsP,7,6,-1
150,Human,FAVvsMJP,3,9,6
150,Human,MDvsMIP/MJP,0,6,6
150,Human,FAVvsP,0,6,6
151,Human,FAVvsMJP,0,12,12
151,Human,MDvsMIP/MJP,0,0,0
151,Human,FAVvsP,0,12,12
152,Human,FAVvsMJP,6.5,6,-0.5
152,Human,MDvsMIP/MJP,4.5,7,2.5
152,Human,FAVvsP,6.5,7.5,1
153,Human,FAVvsMJP,1.5,9,7.5
153,Human,MDvsMIP/MJP,0.5,3,2.5
153,Human,FAVvsP,0,8,8
154,Human,FAVvsMJP,2.5,6,3.5
154,Human,MDvsMIP/MJP,1.5,2.5,1
154,Human,FAVvsP,1,2,1
155,Human,FAVvsMJP,6,9,3
155,Human,MDvsMIP/MJP,3,4,1
155,Human,FAVvsP,0.5,5,4.5
156,Human,FAVvsMJP,4.5,6,1.5
156,Human,MDvsMIP/MJP,3.5,5,1.5
156,Human,FAVvsP,0,1.5,1.5
157,Human,FAVvsMJP,7.5,4.5,-3
157,Human,MDvsMIP/MJP,5.5,8,2.5
157,Human,FAVvsP,0.5,7,6.5
158,Human,FAVvsMJP,4,8,4
158,Human,MDvsMIP/MJP,2.5,4.5,2
158,Human,FAVvsP,0,4.5,4.5
159,Human,FAVvsMJP,8.5,0,-8.5
159,Human,MDvsMIP/MJP,3,8,5
159,Human,FAVvsP,6.5,10.5,4
160,Human,FAVvsMJP,0,12,12
160,Human,MDvsMIP/MJP,0,0,0
160,Human,FAVvsP,0,12,12
161,Human,FAVvsMJP,5,5,0
161,Human,MDvsMIP/MJP,5,9.5,4.5
161,Human,FAVvsP,7,5,-2
162,Human,FAVvsMJP,2.5,1.5,-1
162,Human,MDvsMIP/MJP,7.5,7.5,0
162,Human,FAVvsP,9,2,-7
163,Human,FAVvsMJP,3,9,6
163,Human,MDvsMIP/MJP,0,0,0
163,Human,FAVvsP,0,0,0
164,Human,FAVvsMJP,6,6,0
164,Human,MDvsMIP/MJP,4.5,6,1.5
164,Human,FAVvsP,1.5,2.5,1
165,Human,FAVvsMJP,8,6,-2
165,Human,MDvsMIP/MJP,6.5,6.5,0
165,Human,FAVvsP,4,7,3
166,Human,FAVvsMJP,3,10.5,7.5
166,Human,MDvsMIP/MJP,2,4.5,2.5
166,Human,FAVvsP,0,3.5,3.5
167,Human,FAVvsMJP,10,1,-9
167,Human,MDvsMIP/MJP,10.5,7,-3.5
167,Human,FAVvsP,6,4.5,-1.5
168,Human,FAVvsMJP,8,0,-8
168,Human,MDvsMIP/MJP,3,12,9
168,Human,FAVvsP,6,0,-6
169,Human,FAVvsMJP,1.5,9.5,8
169,Human,MDvsMIP/MJP,0,0,0
169,Human,FAVvsP,0,7.5,7.5
170,Human,FAVvsMJP,0,8.5,8.5
170,Human,MDvsMIP/MJP,7.5,6,-1.5
170,Human,FAVvsP,6.5,7.5,1
171,Human,FAVvsMJP,6,6,0
171,Human,MDvsMIP/MJP,6,6,0
171,Human,FAVvsP,0,0,0
172,Human,FAVvsMJP,5.5,6.5,1
172,Human,MDvsMIP/MJP,4,6,2
172,Human,FAVvsP,5,5.5,0.5
173,Human,FAVvsMJP,6,6,0
173,Human,MDvsMIP/MJP,0,0,0
173,Human,FAVvsP,0,0,0
174,Human,FAVvsMJP,3,9,6
174,Human,MDvsMIP/MJP,3,6,3
174,Human,FAVvsP,0,0,0
175,Human,FAVvsMJP,8,8,0
175,Human,MDvsMIP/MJP,4,4,0
175,Human,FAVvsP,4,8,4
176,Human,FAVvsMJP,4.5,5,0.5
176,Human,MDvsMIP/MJP,7,7.5,0.5
176,Human,FAVvsP,5.5,4.5,-1
177,Human,FAVvsMJP,5,7,2
177,Human,MDvsMIP/MJP,3,8,5
177,Human,FAVvsP,0,1.5,1.5
178,Human,FAVvsMJP,5.5,8.5,3
178,Human,MDvsMIP/MJP,2.5,5.5,3
178,Human,FAVvsP,4.5,9.5,5
179,Human,FAVvsMJP,0,9,9
179,Human,MDvsMIP/MJP,0,0,0
179,Human,FAVvsP,0,0,0
180,Human,FAVvsMJP,0,12,12
180,Human,MDvsMIP/MJP,0,6,6
180,Human,FAVvsP,0,12,12
181,Human,FAVvsMJP,6,6,0
181,Human,MDvsMIP/MJP,4.5,0,-4.5
181,Human,FAVvsP,0,1.5,1.5
182,Human,FAVvsMJP,9.5,8.5,-1
182,Human,MDvsMIP/MJP,6.5,10,3.5
182,Human,FAVvsP,10.5,7,-3.5
183,Human,FAVvsMJP,4.5,7,2.5
183,Human,MDvsMIP/MJP,1.5,4.5,3
183,Human,FAVvsP,4.5,5.5,1
184,Human,FAVvsMJP,3,6,3
184,Human,MDvsMIP/MJP,3.5,5,1.5
184,Human,FAVvsP,11,4,-7
185,Human,FAVvsMJP,0,12,12
185,Human,MDvsMIP/MJP,0,3,3
185,Human,FAVvsP,6.5,3,-3.5
186,Human,FAVvsMJP,6,6,0
186,Human,MDvsMIP/MJP,0,0,0
186,Human,FAVvsP,0,0,0
187,Human,FAVvsMJP,7,7.5,0.5
187,Human,MDvsMIP/MJP,6.5,5.5,-1
187,Human,FAVvsP,8,7.5,-0.5
188,Human,FAVvsMJP,4,3,-1
188,Human,MDvsMIP/MJP,5,8.5,3.5
188,Human,FAVvsP,1.5,9.5,8
189,Human,FAVvsMJP,7,8.5,1.5
189,Human,MDvsMIP/MJP,5.5,7,1.5
189,Human,FAVvsP,7.5,6,-1.5
190,Human,FAVvsMJP,4,7.5,3.5
190,Human,MDvsMIP/MJP,4,7,3
190,Human,FAVvsP,3,4,1
191,Human,FAVvsMJP,0,9,9
191,Human,MDvsMIP/MJP,0,0,0
191,Human,FAVvsP,0,6,6
192,Human,FAVvsMJP,6,6,0
192,Human,MDvsMIP/MJP,0,4.5,4.5
192,Human,FAVvsP,0,6,6
193,Human,FAVvsMJP,5.5,6.5,1
193,Human,MDvsMIP/MJP,6,5,-1
193,Human,FAVvsP,0,0.5,0.5
194,Human,FAVvsMJP,9,2.5,-6.5
194,Human,MDvsMIP/MJP,9,8.5,-0.5
194,Human,FAVvsP,5,0,-5
195,Human,FAVvsMJP,5.5,5.5,0
195,Human,MDvsMIP/MJP,6,9,3
195,Human,FAVvsP,0,1.5,1.5
196,Human,FAVvsMJP,2,9,7
196,Human,MDvsMIP/MJP,0,0,0
196,Human,FAVvsP,0,7.5,7.5
197,Human,FAVvsMJP,3,6.5,3.5
197,Human,MDvsMIP/MJP,2,0,-2
197,Human,FAVvsP,0,2,2
198,Human,FAVvsMJP,4.5,2,-2.5
198,Human,MDvsMIP/MJP,5.5,2.5,-3
198,Human,FAVvsP,5.5,7.5,2
199,Human,FAVvsMJP,0,12,12
199,Human,MDvsMIP/MJP,0,0,0
199,Human,FAVvsP,0,12,12
200,Human,FAVvsMJP,0,12,12
200,Human,MDvsMIP/MJP,3,6,3
200,Human,FAVvsP,0,12,12
201,Human,FAVvsMJP,5,6,1
201,Human,MDvsMIP/MJP,1.5,5,3.5
201,Human,FAVvsP,7.5,6,-1.5
202,Human,FAVvsMJP,6,8.5,2.5
202,Human,MDvsMIP/MJP,4,9,5
202,Human,FAVvsP,4.5,12,7.5
203,Human,FAVvsMJP,5,7,2
203,Human,MDvsMIP/MJP,1.5,6.5,5
203,Human,FAVvsP,0,3.5,3.5
204,Human,FAVvsMJP,0.5,7.5,7
204,Human,MDvsMIP/MJP,2.5,5.5,3
204,Human,FAVvsP,3,11,8
205,Human,FAVvsMJP,6.5,10.5,4
205,Human,MDvsMIP/MJP,6,5.5,-0.5
205,Human,FAVvsP,8.5,3.5,-5
206,Human,FAVvsMJP,0.5,9,8.5
206,Human,MDvsMIP/MJP,2.5,9,6.5
206,Human,FAVvsP,0,6.5,6.5
207,Human,FAVvsMJP,0,12,12
207,Human,MDvsMIP/MJP,0,0,0
207,Human,FAVvsP,0,12,12
208,Human,FAVvsMJP,2,9.5,7.5
208,Human,MDvsMIP/MJP,0,7,7
208,Human,FAVvsP,0,5,5
209,Human,FAVvsMJP,7.5,6,-1.5
209,Human,MDvsMIP/MJP,8,6,-2
209,Human,FAVvsP,4.5,6.5,2
210,Human,FAVvsMJP,0,9,9
210,Human,MDvsMIP/MJP,0,0,0
210,Human,FAVvsP,0,2.5,2.5
211,Human,FAVvsMJP,2.5,9.5,7
211,Human,MDvsMIP/MJP,0,0,0
211,Human,FAVvsP,3,6,3
212,Human,FAVvsMJP,1.5,9,7.5
212,Human,MDvsMIP/MJP,1.5,8.5,7
212,Human,FAVvsP,0,8.5,8.5
213,Human,FAVvsMJP,5,5,0
213,Human,MDvsMIP/MJP,4,7.5,3.5
213,Human,FAVvsP,11.5,3,-8.5
214,Human,FAVvsMJP,10,0.5,-9.5
214,Human,MDvsMIP/MJP,9,10.5,1.5
214,Human,FAVvsP,10,0,-10
215,Human,FAVvsMJP,3.5,3.5,0
215,Human,MDvsMIP/MJP,4,5.5,1.5
215,Human,FAVvsP,7,7,0
216,Human,FAVvsMJP,4.5,9,4.5
216,Human,MDvsMIP/MJP,1.5,7.5,6
216,Human,FAVvsP,0,6,6
217,Human,FAVvsMJP,4,8.5,4.5
217,Human,MDvsMIP/MJP,0,0,0
217,Human,FAVvsP,0,3,3
218,Human,FAVvsMJP,4.5,10,5.5
218,Human,MDvsMIP/MJP,0.5,2.5,2
218,Human,FAVvsP,3,7,4
219,Human,FAVvsMJP,6,7.5,1.5
219,Human,MDvsMIP/MJP,4.5,5,0.5
219,Human,FAVvsP,0.5,1,0.5
220,Human,FAVvsMJP,3.5,5,1.5
220,Human,MDvsMIP/MJP,6.5,8,1.5
220,Human,FAVvsP,9,7,-2
221,Human,FAVvsMJP,1.5,0,-1.5
221,Human,MDvsMIP/MJP,6,5,-1
221,Human,FAVvsP,7,0,-7
222,Human,FAVvsMJP,9.5,6.5,-3
222,Human,MDvsMIP/MJP,4,2,-2
222,Human,FAVvsP,6,5,-1
223,Human,FAVvsMJP,0,12,12
223,Human,MDvsMIP/MJP,0,0,0
223,Human,FAVvsP,0,12,12
224,Human,FAVvsMJP,2.5,11,8.5
224,Human,MDvsMIP/MJP,2.5,9.5,7
224,Human,FAVvsP,0,8.5,8.5
225,Human,FAVvsMJP,6,6,0
225,Human,MDvsMIP/MJP,6,6,0
225,Human,FAVvsP,0,0,0
226,Human,FAVvsMJP,2,7.5,5.5
226,Human,MDvsMIP/MJP,2.5,6,3.5
226,Human,FAVvsP,4.5,2,-2.5
227,Human,FAVvsMJP,0.5,12,11.5
227,Human,MDvsMIP/MJP,3.5,4,0.5
227,Human,FAVvsP,0.5,12,11.5
228,Human,FAVvsMJP,1,6,5
228,Human,MDvsMIP/MJP,1.5,2.5,1
228,Human,FAVvsP,1,7.5,6.5
229,Human,FAVvsMJP,3,3.5,0.5
229,Human,MDvsMIP/MJP,8.5,9,0.5
229,Human,FAVvsP,6,2,-4
230,Human,FAVvsMJP,0,10,10
230,Human,MDvsMIP/MJP,0,0,0
230,Human,FAVvsP,0,12,12
231,Human,FAVvsMJP,6.5,6.5,0
231,Human,MDvsMIP/MJP,5.5,4.5,-1
231,Human,FAVvsP,4,7.5,3.5
232,Human,FAVvsMJP,4.5,11,6.5
232,Human,MDvsMIP/MJP,10.5,3,-7.5
232,Human,FAVvsP,4,7,3
233,Human,FAVvsMJP,4.5,9.5,5
233,Human,MDvsMIP/MJP,6,5.5,-0.5
233,Human,FAVvsP,0,5.5,5.5
234,Human,FAVvsMJP,4,8.5,4.5
234,Human,MDvsMIP/MJP,0,0,0
234,Human,FAVvsP,1,10.5,9.5
235,Human,FAVvsMJP,6,4.5,-1.5
235,Human,MDvsMIP/MJP,8.5,5.5,-3
235,Human,FAVvsP,5.5,6.5,1
236,Human,FAVvsMJP,0,12,12
236,Human,MDvsMIP/MJP,0,3,3
236,Human,FAVvsP,0,12,12
237,Human,FAVvsMJP,3.5,8.5,5
237,Human,MDvsMIP/MJP,7,9,2
237,Human,FAVvsP,4.5,5.5,1
238,Human,FAVvsMJP,5.5,6,0.5
238,Human,MDvsMIP/MJP,0,0,0
238,Human,FAVvsP,0,0,0
239,Human,FAVvsMJP,3,9,6
239,Human,MDvsMIP/MJP,0,0,0
239,Human,FAVvsP,0,12,12
240,Human,FAVvsMJP,3,9.5,6.5
240,Human,MDvsMIP/MJP,2.5,3,0.5
240,Human,FAVvsP,0,6,6
241,Human,FAVvsMJP,6,8.5,2.5
241,Human,MDvsMIP/MJP,0,0,0
241,Human,FAVvsP,12,6,-6
242,Human,FAVvsMJP,3,8,5
242,Human,MDvsMIP/MJP,3,0,-3
242,Human,FAVvsP,0,5,5
243,Human,FAVvsMJP,7.5,5,-2.5
243,Human,MDvsMIP/MJP,6,10.5,4.5
243,Human,FAVvsP,8.5,7,-1.5
244,Human,FAVvsMJP,4,8.5,4.5
244,Human,MDvsMIP/MJP,7.5,2,-5.5
244,Human,FAVvsP,3,6.5,3.5
245,Human,FAVvsMJP,0,6.5,6.5
245,Human,MDvsMIP/MJP,0,0,0
245,Human,FAVvsP,0,12,12
246,Human,FAVvsMJP,4,7.5,3.5
246,Human,MDvsMIP/MJP,0,4,4
246,Human,FAVvsP,0,4.5,4.5
247,Human,FAVvsMJP,5.5,6,0.5
247,Human,MDvsMIP/MJP,7,5.5,-1.5
247,Human,FAVvsP,7,7.5,0.5
248,Human,FAVvsMJP,6,6,0
248,Human,MDvsMIP/MJP,6,6.5,0.5
248,Human,FAVvsP,0,0,0
249,AI,FAVvsMJP,1,10,9
249,AI,MDvsMIP/MJP,1.5,10.5,9
249,AI,FAVvsP,0,10.5,10.5
250,AI,FAVvsMJP,0.5,11.5,11
250,AI,MDvsMIP/MJP,2.5,6,3.5
250,AI,FAVvsP,6,9,3
251,AI,FAVvsMJP,0,12,12
251,AI,MDvsMIP/MJP,0,0,0
251,AI,FAVvsP,0,12,12
252,AI,FAVvsMJP,5.5,8.5,3
252,AI,MDvsMIP/MJP,3.5,8,4.5
252,AI,FAVvsP,0,7,7
253,AI,FAVvsMJP,1.5,3.5,2
253,AI,MDvsMIP/MJP,0,3,3
253,AI,FAVvsP,8.5,5,-3.5
254,AI,FAVvsMJP,2.5,3,0.5
254,AI,MDvsMIP/MJP,4.5,6,1.5
254,AI,FAVvsP,10,10,0
255,AI,FAVvsMJP,0,12,12
255,AI,MDvsMIP/MJP,0,0,0
255,AI,FAVvsP,0,12,12
256,AI,FAVvsMJP,7,6,-1
256,AI,MDvsMIP/MJP,8,1,-7
256,AI,FAVvsP,4.5,0,-4.5
257,AI,FAVvsMJP,5.5,7.5,2
257,AI,MDvsMIP/MJP,6.5,4.5,-2
257,AI,FAVvsP,7.5,7.5,0
258,AI,FAVvsMJP,6,9.5,3.5
258,AI,MDvsMIP/MJP,5,3.5,-1.5
258,AI,FAVvsP,0,4,4
259,AI,FAVvsMJP,4,8.5,4.5
259,AI,MDvsMIP/MJP,3,8,5
259,AI,FAVvsP,0.5,3.5,3
260,AI,FAVvsMJP,3,9,6
260,AI,MDvsMIP/MJP,0,0,0
260,AI,FAVvsP,0,0,0
261,AI,FAVvsMJP,5,7,2
261,AI,MDvsMIP/MJP,3,8.5,5.5
261,AI,FAVvsP,0,3,3
262,AI,FAVvsMJP,0,11.5,11.5
262,AI,MDvsMIP/MJP,0,1,1
262,AI,FAVvsP,0,11.5,11.5
263,AI,FAVvsMJP,4,6.5,2.5
263,AI,MDvsMIP/MJP,3.5,3,-0.5
263,AI,FAVvsP,1,3.5,2.5
264,AI,FAVvsMJP,4,7,3
264,AI,MDvsMIP/MJP,4,6.5,2.5
264,AI,FAVvsP,2,0,-2
265,AI,FAVvsMJP,6,9,3
265,AI,MDvsMIP/MJP,6,9,3
265,AI,FAVvsP,6,0,-6
266,AI,FAVvsMJP,2,3,1
266,AI,MDvsMIP/MJP,3.5,3.5,0
266,AI,FAVvsP,4.5,4.5,0
267,AI,FAVvsMJP,5.5,6.5,1
267,AI,MDvsMIP/MJP,3,0,-3
267,AI,FAVvsP,0,0,0
268,AI,FAVvsMJP,0,0.5,0.5
268,AI,MDvsMIP/MJP,0,0,0
268,AI,FAVvsP,6,6,0
269,AI,FAVvsMJP,5,8.5,3.5
269,AI,MDvsMIP/MJP,0.5,0,-0.5
269,AI,FAVvsP,0.5,0.5,0
270,AI,FAVvsMJP,5,7,2
270,AI,MDvsMIP/MJP,2,6.5,4.5
270,AI,FAVvsP,0,7.5,7.5
271,AI,FAVvsMJP,7.5,9,1.5
271,AI,MDvsMIP/MJP,3.5,8,4.5
271,AI,FAVvsP,2,6,4
272,AI,FAVvsMJP,5.5,6,0.5
272,AI,MDvsMIP/MJP,6,6.5,0.5
272,AI,FAVvsP,0,0,0
273,AI,FAVvsMJP,6.5,6.5,0
273,AI,MDvsMIP/MJP,0,0,0
273,AI,FAVvsP,2,8,6
274,AI,FAVvsMJP,2,10.5,8.5
274,AI,MDvsMIP/MJP,1,2,1
274,AI,FAVvsP,2.5,6,3.5
275,AI,FAVvsMJP,6,3.5,-2.5
275,AI,MDvsMIP/MJP,3,9,6
275,AI,FAVvsP,0,0,0
276,AI,FAVvsMJP,3,6,3
276,AI,MDvsMIP/MJP,6,3.5,-2.5
276,AI,FAVvsP,0,6,6
277,AI,FAVvsMJP,5.5,4,-1.5
277,AI,MDvsMIP/MJP,4,7,3
277,AI,FAVvsP,6,5.5,-0.5
278,AI,FAVvsMJP,0,12,12
278,AI,MDvsMIP/MJP,0,0,0
278,AI,FAVvsP,0,12,12
279,AI,FAVvsMJP,10,4,-6
279,AI,MDvsMIP/MJP,7.5,6.5,-1
279,AI,FAVvsP,8,1.5,-6.5
280,AI,FAVvsMJP,5.5,7.5,2
280,AI,MDvsMIP/MJP,5,3.5,-1.5
280,AI,FAVvsP,5.5,7.5,2
281,AI,FAVvsMJP,2,10.5,8.5
281,AI,MDvsMIP/MJP,1.5,1.5,0
281,AI,FAVvsP,1,9.5,8.5
282,AI,FAVvsMJP,7,6,-1
282,AI,MDvsMIP/MJP,6,5,-1
282,AI,FAVvsP,0,0,0
283,AI,FAVvsMJP,7,6,-1
283,AI,MDvsMIP/MJP,9,7.5,-1.5
283,AI,FAVvsP,3.5,0.5,-3
284,AI,FAVvsMJP,4.5,6.5,2
284,AI,MDvsMIP/MJP,7.5,8,0.5
284,AI,FAVvsP,12,4.5,-7.5
285,AI,FAVvsMJP,0,12,12
285,AI,MDvsMIP/MJP,0,0,0
285,AI,FAVvsP,2,12,10
286,AI,FAVvsMJP,9.5,11,1.5
286,AI,MDvsMIP/MJP,5.5,8,2.5
286,AI,FAVvsP,1,9.5,8.5
287,AI,FAVvsMJP,9.5,2.5,-7
287,AI,MDvsMIP/MJP,7,5.5,-1.5
287,AI,FAVvsP,6,12,6
288,AI,FAVvsMJP,2.5,11,8.5
288,AI,MDvsMIP/MJP,3,2,-1
288,AI,FAVvsP,2.5,12,9.5
289,AI,FAVvsMJP,0,12,12
289,AI,MDvsMIP/MJP,0,0,0
289,AI,FAVvsP,0,12,12
290,AI,FAVvsMJP,4.5,8.5,4
290,AI,MDvsMIP/MJP,4,5.5,1.5
290,AI,FAVvsP,2.5,7.5,5
291,AI,FAVvsMJP,1.5,9.5,8
291,AI,MDvsMIP/MJP,0,2,2
291,AI,FAVvsP,0,9,9
292,AI,FAVvsMJP,11,0,-11
292,AI,MDvsMIP/MJP,6,0,-6
292,AI,FAVvsP,12,0,-12
293,AI,FAVvsMJP,0,11,11
293,AI,MDvsMIP/MJP,0,5.5,5.5
293,AI,FAVvsP,0,9.5,9.5
294,AI,FAVvsMJP,4,4.5,0.5
294,AI,MDvsMIP/MJP,3,6,3
294,AI,FAVvsP,4,5.5,1.5
295,AI,FAVvsMJP,5,7,2
295,AI,MDvsMIP/MJP,0,6.5,6.5
295,AI,FAVvsP,0,1.5,1.5
296,AI,FAVvsMJP,6,12,6
296,AI,MDvsMIP/MJP,5,1,-4
296,AI,FAVvsP,0,6,6
297,AI,FAVvsMJP,3,2,-1
297,AI,MDvsMIP/MJP,5.5,6.5,1
297,AI,FAVvsP,9,3,-6
298,AI,FAVvsMJP,0,12,12
298,AI,MDvsMIP/MJP,0,0,0
298,AI,FAVvsP,0,12,12
299,AI,FAVvsMJP,0,11.5,11.5
299,AI,MDvsMIP/MJP,0.5,0,-0.5
299,AI,FAVvsP,0,12,12
300,AI,FAVvsMJP,4.5,5,0.5
300,AI,MDvsMIP/MJP,4.5,7.5,3
300,AI,FAVvsP,5,2,-3
301,AI,FAVvsMJP,1.5,7.5,6
301,AI,MDvsMIP/MJP,4.5,9.5,5
301,AI,FAVvsP,0,2,2
302,AI,FAVvsMJP,2,11.5,9.5
302,AI,MDvsMIP/MJP,5.5,8,2.5
302,AI,FAVvsP,0.5,12,11.5
303,AI,FAVvsMJP,6,8.5,2.5
303,AI,MDvsMIP/MJP,1,5,4
303,AI,FAVvsP,0,6,6
304,AI,FAVvsMJP,1.5,10,8.5
304,AI,MDvsMIP/MJP,0,11.5,11.5
304,AI,FAVvsP,0,9.5,9.5
305,AI,FAVvsMJP,4.5,9.5,5
305,AI,MDvsMIP/MJP,7,5,-2
305,AI,FAVvsP,1.5,5,3.5
306,AI,FAVvsMJP,2,10.5,8.5
306,AI,MDvsMIP/MJP,0.5,0.5,0
306,AI,FAVvsP,1.5,10.5,9
307,AI,FAVvsMJP,0,12,12
307,AI,MDvsMIP/MJP,0,12,12
307,AI,FAVvsP,0,12,12
308,AI,FAVvsMJP,6,5.5,-0.5
308,AI,MDvsMIP/MJP,4,5.5,1.5
308,AI,FAVvsP,5.5,2.5,-3
309,AI,FAVvsMJP,4.5,8,3.5
309,AI,MDvsMIP/MJP,4.5,8,3.5
309,AI,FAVvsP,1,6,5
310,AI,FAVvsMJP,6,6,0
310,AI,MDvsMIP/MJP,12,9,-3
310,AI,FAVvsP,0,0,0
311,AI,FAVvsMJP,3.5,10,6.5
311,AI,MDvsMIP/MJP,0,11,11
311,AI,FAVvsP,0,11,11
312,AI,FAVvsMJP,2,10,8
312,AI,MDvsMIP/MJP,5,6.5,1.5
312,AI,FAVvsP,0.5,3.5,3
313,AI,FAVvsMJP,6,0,-6
313,AI,MDvsMIP/MJP,6,12,6
313,AI,FAVvsP,6,0,-6
314,AI,FAVvsMJP,5,5.5,0.5
314,AI,MDvsMIP/MJP,5.5,6.5,1
314,AI,FAVvsP,7,4.5,-2.5
315,AI,FAVvsMJP,6,9,3
315,AI,MDvsMIP/MJP,3,6,3
315,AI,FAVvsP,0,6,6
316,AI,FAVvsMJP,3,0,-3
316,AI,MDvsMIP/MJP,0,4,4
316,AI,FAVvsP,12,8,-4
317,AI,FAVvsMJP,11.5,3.5,-8
317,AI,MDvsMIP/MJP,12,12,0
317,AI,FAVvsP,5,0,-5
318,AI,FAVvsMJP,0,12,12
318,AI,MDvsMIP/MJP,0,8.5,8.5
318,AI,FAVvsP,3,12,9
319,AI,FAVvsMJP,6,12,6
319,AI,MDvsMIP/MJP,0,0,0
319,AI,FAVvsP,0.5,0,-0.5
320,AI,FAVvsMJP,4.5,7,2.5
320,AI,MDvsMIP/MJP,6.5,3,-3.5
320,AI,FAVvsP,8,6.5,-1.5
321,AI,FAVvsMJP,6,6,0
321,AI,MDvsMIP/MJP,6,6,0
321,AI,FAVvsP,0,0,0
322,AI,FAVvsMJP,1,6.5,5.5
322,AI,MDvsMIP/MJP,2,3,1
322,AI,FAVvsP,0.5,4,3.5
323,AI,FAVvsMJP,4,1,-3
323,AI,MDvsMIP/MJP,5,4.5,-0.5
323,AI,FAVvsP,9.5,0,-9.5
324,AI,FAVvsMJP,7,11.5,4.5
324,AI,MDvsMIP/MJP,8,6.5,-1.5
324,AI,FAVvsP,6.5,10.5,4
325,AI,FAVvsMJP,6,6,0
325,AI,MDvsMIP/MJP,0.5,0.5,0
325,AI,FAVvsP,0,0,0
326,AI,FAVvsMJP,9,6.5,-2.5
326,AI,MDvsMIP/MJP,7.5,10,2.5
326,AI,FAVvsP,10,8,-2
327,AI,FAVvsMJP,6,6,0
327,AI,MDvsMIP/MJP,9,12,3
327,AI,FAVvsP,0,0,0
328,AI,FAVvsMJP,4,3.5,-0.5
328,AI,MDvsMIP/MJP,6,6.5,0.5
328,AI,FAVvsP,3.5,3.5,0
329,AI,FAVvsMJP,4.5,4,-0.5
329,AI,MDvsMIP/MJP,0,8,8
329,AI,FAVvsP,1,11,10
330,AI,FAVvsMJP,7,9.5,2.5
330,AI,MDvsMIP/MJP,5,7.5,2.5
330,AI,FAVvsP,4.5,8,3.5
331,AI,FAVvsMJP,0,10.5,10.5
331,AI,MDvsMIP/MJP,0,0,0
331,AI,FAVvsP,0,11,11
332,AI,FAVvsMJP,3.5,7,3.5
332,AI,MDvsMIP/MJP,9,0.5,-8.5
332,AI,FAVvsP,7.5,12,4.5
333,AI,FAVvsMJP,7,6,-1
333,AI,MDvsMIP/MJP,7,6.5,-0.5
333,AI,FAVvsP,2.5,3.5,1
334,AI,FAVvsMJP,0,11.5,11.5
334,AI,MDvsMIP/MJP,5,9.5,4.5
334,AI,FAVvsP,0,3.5,3.5
335,AI,FAVvsMJP,3.5,7,3.5
335,AI,MDvsMIP/MJP,7.5,7,-0.5
335,AI,FAVvsP,7,0,-7
336,AI,FAVvsMJP,5,7,2
336,AI,MDvsMIP/MJP,5,6.5,1.5
336,AI,FAVvsP,4,4.5,0.5
337,AI,FAVvsMJP,1,8.5,7.5
337,AI,MDvsMIP/MJP,0.5,0,-0.5
337,AI,FAVvsP,1.5,10,8.5
338,AI,FAVvsMJP,0,6,6
338,AI,MDvsMIP/MJP,3,6,3
338,AI,FAVvsP,0,0.5,0.5
339,AI,FAVvsMJP,0,2,2
339,AI,MDvsMIP/MJP,12,5.5,-6.5
339,AI,FAVvsP,0,0,0
340,AI,FAVvsMJP,7.5,8.5,1
340,AI,MDvsMIP/MJP,10,8.5,-1.5
340,AI,FAVvsP,2,3,1
341,AI,FAVvsMJP,1.5,0.5,-1
341,AI,MDvsMIP/MJP,6,5.5,-0.5
341,AI,FAVvsP,8.5,6.5,-2
342,AI,FAVvsMJP,3,6,3
342,AI,MDvsMIP/MJP,6,6,0
342,AI,FAVvsP,0,0.5,0.5
343,AI,FAVvsMJP,2,8,6
343,AI,MDvsMIP/MJP,2,10,8
343,AI,FAVvsP,2.5,4,1.5
344,AI,FAVvsMJP,0.5,9,8.5
344,AI,MDvsMIP/MJP,0,4,4
344,AI,FAVvsP,0,7,7
345,AI,FAVvsMJP,12,0,-12
345,AI,MDvsMIP/MJP,12,12,0
345,AI,FAVvsP,11,0,-11
346,AI,FAVvsMJP,6,6,0
346,AI,MDvsMIP/MJP,2,6,4
346,AI,FAVvsP,0,0,0
347,AI,FAVvsMJP,4.5,7.5,3
347,AI,MDvsMIP/MJP,0.5,8.5,8
347,AI,FAVvsP,0,5.5,5.5
348,AI,FAVvsMJP,0,12,12
348,AI,MDvsMIP/MJP,0,0,0
348,AI,FAVvsP,0,12,12
349,AI,FAVvsMJP,3,6,3
349,AI,MDvsMIP/MJP,5.5,5.5,0
349,AI,FAVvsP,0,6,6
350,AI,FAVvsMJP,4,3,-1
350,AI,MDvsMIP/MJP,2.5,0,-2.5
350,AI,FAVvsP,0,3,3
351,AI,FAVvsMJP,8,6,-2
351,AI,MDvsMIP/MJP,8,8,0
351,AI,FAVvsP,3.5,5.5,2
352,AI,FAVvsMJP,0,12,12
352,AI,MDvsMIP/MJP,0,0,0
352,AI,FAVvsP,0,12,12
353,AI,FAVvsMJP,0,11,11
353,AI,MDvsMIP/MJP,0,3,3
353,AI,FAVvsP,0,11,11
354,Human,FAVvsMJP,4.5,7,2.5
354,Human,MDvsMIP/MJP,4,1,-3
354,Human,FAVvsP,0,1,1
355,Human,FAVvsMJP,4.5,8,3.5
355,Human,MDvsMIP/MJP,4.5,4,-0.5
355,Human,FAVvsP,0,3.5,3.5
356,Human,FAVvsMJP,3,8.5,5.5
356,Human,MDvsMIP/MJP,2.5,0.5,-2
356,Human,FAVvsP,0,9.5,9.5
357,Human,FAVvsMJP,1,0.5,-0.5
357,Human,MDvsMIP/MJP,2,0.5,-1.5
357,Human,FAVvsP,4.5,4,-0.5
358,Human,FAVvsMJP,5.5,4,-1.5
358,Human,MDvsMIP/MJP,6,4.5,-1.5
358,Human,FAVvsP,4.5,1.5,-3
359,Human,FAVvsMJP,3,6,3
359,Human,MDvsMIP/MJP,3,3,0
359,Human,FAVvsP,0.5,0,-0.5
360,Human,FAVvsMJP,2.5,2.5,0
360,Human,MDvsMIP/MJP,9,3,-6
360,Human,FAVvsP,4,3,-1
361,Human,FAVvsMJP,0,12,12
361,Human,MDvsMIP/MJP,0,0,0
361,Human,FAVvsP,0,12,12
362,Human,FAVvsMJP,4,9.5,5.5
362,Human,MDvsMIP/MJP,2.5,9,6.5
362,Human,FAVvsP,0,3.5,3.5
363,Human,FAVvsMJP,6.5,6,-0.5
363,Human,MDvsMIP/MJP,5,5.5,0.5
363,Human,FAVvsP,2,4,2
364,Human,FAVvsMJP,0,12,12
364,Human,MDvsMIP/MJP,0,0,0
364,Human,FAVvsP,0,12,12
365,Human,FAVvsMJP,2.5,11,8.5
365,Human,MDvsMIP/MJP,3,0,-3
365,Human,FAVvsP,0.5,6,5.5
366,Human,FAVvsMJP,2.5,7,4.5
366,Human,MDvsMIP/MJP,3,0,-3
366,Human,FAVvsP,0,1,1
367,Human,FAVvsMJP,0,12,12
367,Human,MDvsMIP/MJP,0,7,7
367,Human,FAVvsP,0,12,12
368,Human,FAVvsMJP,4.5,5,0.5
368,Human,MDvsMIP/MJP,3.5,3.5,0
368,Human,FAVvsP,2,2,0
369,Human,FAVvsMJP,0,12,12
369,Human,MDvsMIP/MJP,0,0,0
369,Human,FAVvsP,0,12,12
370,Human,FAVvsMJP,5,6,1
370,Human,MDvsMIP/MJP,5.5,8.5,3
370,Human,FAVvsP,2,3,1
371,Human,FAVvsMJP,4.5,4,-0.5
371,Human,MDvsMIP/MJP,4.5,4.5,0
371,Human,FAVvsP,1.5,6,4.5
372,Human,FAVvsMJP,5,7,2
372,Human,MDvsMIP/MJP,5,7,2
372,Human,FAVvsP,0,1,1
373,Human,FAVvsMJP,0,12,12
373,Human,MDvsMIP/MJP,0,10.5,10.5
373,Human,FAVvsP,0.5,9,8.5
374,Human,FAVvsMJP,5.5,6,0.5
374,Human,MDvsMIP/MJP,4,7.5,3.5
374,Human,FAVvsP,7.5,5.5,-2
375,Human,FAVvsMJP,9.5,0,-9.5
375,Human,MDvsMIP/MJP,6,8.5,2.5
375,Human,FAVvsP,6,2,-4
376,Human,FAVvsMJP,5.5,8.5,3
376,Human,MDvsMIP/MJP,4.5,8,3.5
376,Human,FAVvsP,7,5,-2
377,Human,FAVvsMJP,5,5,0
377,Human,MDvsMIP/MJP,5,6,1
377,Human,FAVvsP,0,0,0
378,Human,FAVvsMJP,0,12,12
378,Human,MDvsMIP/MJP,0,0,0
378,Human,FAVvsP,0,12,12
379,Human,FAVvsMJP,6,12,6
379,Human,MDvsMIP/MJP,0,12,12
379,Human,FAVvsP,2,9.5,7.5
380,Human,FAVvsMJP,5,7,2
380,Human,MDvsMIP/MJP,3,7,4
380,Human,FAVvsP,0,3.5,3.5
381,Human,FAVvsMJP,4,7.5,3.5
381,Human,MDvsMIP/MJP,3.5,9.5,6
381,Human,FAVvsP,0,3.5,3.5
382,Human,FAVvsMJP,3.5,9,5.5
382,Human,MDvsMIP/MJP,1.5,8.5,7
382,Human,FAVvsP,0,5.5,5.5
383,Human,FAVvsMJP,3.5,6,2.5
383,Human,MDvsMIP/MJP,4,5.5,1.5
383,Human,FAVvsP,0,6,6
384,Human,FAVvsMJP,3,6.5,3.5
384,Human,MDvsMIP/MJP,7,8,1
384,Human,FAVvsP,5,4.5,-0.5
385,Human,FAVvsMJP,4,6.5,2.5
385,Human,MDvsMIP/MJP,4,4.5,0.5
385,Human,FAVvsP,4,4.5,0.5
386,Human,FAVvsMJP,0,3.5,3.5
386,Human,MDvsMIP/MJP,0,7,7
386,Human,FAVvsP,0,12,12
387,Human,FAVvsMJP,0,12,12
387,Human,MDvsMIP/MJP,0,0,0
387,Human,FAVvsP,0,12,12
388,Human,FAVvsMJP,10.5,4.5,-6
388,Human,MDvsMIP/MJP,2.5,6,3.5
388,Human,FAVvsP,9.5,6,-3.5
389,Human,FAVvsMJP,4.5,4.5,0
389,Human,MDvsMIP/MJP,2.5,5.5,3
389,Human,FAVvsP,3.5,9,5.5
390,Human,FAVvsMJP,0,12,12
390,Human,MDvsMIP/MJP,0,0,0
390,Human,FAVvsP,0,12,12
391,Human,FAVvsMJP,6,6,0
391,Human,MDvsMIP/MJP,6,6,0
391,Human,FAVvsP,0,0,0
392,Human,FAVvsMJP,3.5,4.5,1
392,Human,MDvsMIP/MJP,5,8.5,3.5
392,Human,FAVvsP,2.5,8.5,6
393,Human,FAVvsMJP,2,10,8
393,Human,MDvsMIP/MJP,4.5,11.5,7
393,Human,FAVvsP,1,7.5,6.5
394,Human,FAVvsMJP,5.5,5.5,0
394,Human,MDvsMIP/MJP,6,6.5,0.5
394,Human,FAVvsP,1.5,6.5,5
395,Human,FAVvsMJP,1.5,5.5,4
395,Human,MDvsMIP/MJP,6.5,2,-4.5
395,Human,FAVvsP,3.5,6,2.5
396,Human,FAVvsMJP,6.5,6,-0.5
396,Human,MDvsMIP/MJP,8.5,5.5,-3
396,Human,FAVvsP,3,0,-3
397,Human,FAVvsMJP,5,6.5,1.5
397,Human,MDvsMIP/MJP,0,0,0
397,Human,FAVvsP,1.5,3.5,2
398,Human,FAVvsMJP,8,2.5,-5.5
398,Human,MDvsMIP/MJP,9,0.5,-8.5
398,Human,FAVvsP,11.5,2.5,-9
399,Human,FAVvsMJP,1.5,6.5,5
399,Human,MDvsMIP/MJP,0,0,0
399,Human,FAVvsP,0,5,5
400,Human,FAVvsMJP,6,5.5,-0.5
400,Human,MDvsMIP/MJP,3,2.5,-0.5
400,Human,FAVvsP,1,0.5,-0.5
401,Human,FAVvsMJP,8.5,0.5,-8
401,Human,MDvsMIP/MJP,7.5,7.5,0
401,Human,FAVvsP,3.5,2.5,-1
402,Human,FAVvsMJP,7.5,6,-1.5
402,Human,MDvsMIP/MJP,5.5,6.5,1
402,Human,FAVvsP,6,6,0
403,Human,FAVvsMJP,7.5,6.5,-1
403,Human,MDvsMIP/MJP,2.5,7,4.5
403,Human,FAVvsP,9,6.5,-2.5
404,Human,FAVvsMJP,6,6,0
404,Human,MDvsMIP/MJP,4.5,0,-4.5
404,Human,FAVvsP,0,0,0
405,Human,FAVvsMJP,6,6,0
405,Human,MDvsMIP/MJP,0,0,0
405,Human,FAVvsP,0,0.5,0.5
406,Human,FAVvsMJP,4,6,2
406,Human,MDvsMIP/MJP,0,0,0
406,Human,FAVvsP,3,10.5,7.5
407,Human,FAVvsMJP,1,1,0
407,Human,MDvsMIP/MJP,5,0.5,-4.5
407,Human,FAVvsP,12,0,-12
408,Human,FAVvsMJP,0,11.5,11.5
408,Human,MDvsMIP/MJP,3,0,-3
408,Human,FAVvsP,0,12,12
409,Human,FAVvsMJP,0,12,12
409,Human,MDvsMIP/MJP,0,12,12
409,Human,FAVvsP,0,7.5,7.5
410,Human,FAVvsMJP,11,0.5,-10.5
410,Human,MDvsMIP/MJP,8.5,12,3.5
410,Human,FAVvsP,11,0.5,-10.5
411,Human,FAVvsMJP,6,6,0
411,Human,MDvsMIP/MJP,5.5,4.5,-1
411,Human,FAVvsP,11.5,10.5,-1
412,Human,FAVvsMJP,3,6.5,3.5
412,Human,MDvsMIP/MJP,2,1.5,-0.5
412,Human,FAVvsP,0,8,8
413,Human,FAVvsMJP,0,10,10
413,Human,MDvsMIP/MJP,3,0,-3
413,Human,FAVvsP,0,9,9
414,Human,FAVvsMJP,1,5,4
414,Human,MDvsMIP/MJP,0,0,0
414,Human,FAVvsP,0,6,6
415,Human,FAVvsMJP,6.5,7.5,1
415,Human,MDvsMIP/MJP,5.5,6,0.5
415,Human,FAVvsP,5.5,5.5,0
416,Human,FAVvsMJP,7,8,1
416,Human,MDvsMIP/MJP,10,8,-2
416,Human,FAVvsP,9,9,0
417,Human,FAVvsMJP,0,9,9
417,Human,MDvsMIP/MJP,0.5,0.5,0
417,Human,FAVvsP,0,0,0
418,Human,FAVvsMJP,5,9,4
418,Human,MDvsMIP/MJP,1.5,6.5,5
418,Human,FAVvsP,1.5,7,5.5
419,Human,FAVvsMJP,10,5,-5
419,Human,MDvsMIP/MJP,10,3.5,-6.5
419,Human,FAVvsP,3.5,4.5,1
420,Human,FAVvsMJP,7.5,5.5,-2
420,Human,MDvsMIP/MJP,5,7,2
420,Human,FAVvsP,3.5,0.5,-3
421,Human,FAVvsMJP,1,7,6
421,Human,MDvsMIP/MJP,0.5,8.5,8
421,Human,FAVvsP,0,3,3
422,Human,FAVvsMJP,0,12,12
422,Human,MDvsMIP/MJP,0,0,0
422,Human,FAVvsP,0,12,12
423,Human,FAVvsMJP,3.5,4.5,1
423,Human,MDvsMIP/MJP,0,0,0
423,Human,FAVvsP,2,7.5,5.5
424,Human,FAVvsMJP,6,12,6
424,Human,MDvsMIP/MJP,0,0,0
424,Human,FAVvsP,0,12,12
425,Human,FAVvsMJP,3,9,6
425,Human,MDvsMIP/MJP,3,0,-3
425,Human,FAVvsP,0.5,8.5,8
426,Human,FAVvsMJP,4,5.5,1.5
426,Human,MDvsMIP/MJP,3.5,5,1.5
426,Human,FAVvsP,4.5,4,-0.5
427,Human,FAVvsMJP,3.5,11,7.5
427,Human,MDvsMIP/MJP,0,1,1
427,Human,FAVvsP,2,8,6
428,Human,FAVvsMJP,5,6,1
428,Human,MDvsMIP/MJP,10.5,11.5,1
428,Human,FAVvsP,9.5,9,-0.5
429,Human,FAVvsMJP,2,10,8
429,Human,MDvsMIP/MJP,1.5,9.5,8
429,Human,FAVvsP,0,8,8
430,Human,FAVvsMJP,9,3,-6
430,Human,MDvsMIP/MJP,3,5.5,2.5
430,Human,FAVvsP,0.5,5,4.5
431,Human,FAVvsMJP,7.5,7.5,0
431,Human,MDvsMIP/MJP,3.5,4,0.5
431,Human,FAVvsP,3.5,7,3.5
432,Human,FAVvsMJP,12,0,-12
432,Human,MDvsMIP/MJP,11.5,12,0.5
432,Human,FAVvsP,12,0,-12
433,Human,FAVvsMJP,3.5,5,1.5
433,Human,MDvsMIP/MJP,4.5,2,-2.5
433,Human,FAVvsP,8.5,4,-4.5
434,Human,FAVvsMJP,3.5,9.5,6
434,Human,MDvsMIP/MJP,1.5,7.5,6
434,Human,FAVvsP,1,6,5
435,Human,FAVvsMJP,4.5,6,1.5
435,Human,MDvsMIP/MJP,0,0,0
435,Human,FAVvsP,1.5,0,-1.5
436,Human,FAVvsMJP,7.5,6,-1.5
436,Human,MDvsMIP/MJP,6.5,7.5,1
436,Human,FAVvsP,5.5,2.5,-3
437,Human,FAVvsMJP,0,12,12
437,Human,MDvsMIP/MJP,0,0,0
437,Human,FAVvsP,0,6,6
438,Human,FAVvsMJP,10,8.5,-1.5
438,Human,MDvsMIP/MJP,10,3,-7
438,Human,FAVvsP,1,5,4
439,Human,FAVvsMJP,0.5,11.5,11
439,Human,MDvsMIP/MJP,0,0.5,0.5
439,Human,FAVvsP,0.5,10,9.5
440,Human,FAVvsMJP,6,6,0
440,Human,MDvsMIP/MJP,5,4.5,-0.5
440,Human,FAVvsP,1,0.5,-0.5
441,Human,FAVvsMJP,3,9,6
441,Human,MDvsMIP/MJP,5,2.5,-2.5
441,Human,FAVvsP,4.5,6.5,2
442,Human,FAVvsMJP,6.5,7,0.5
442,Human,MDvsMIP/MJP,5,2.5,-2.5
442,Human,FAVvsP,0.5,0,-0.5
443,Human,FAVvsMJP,2,10,8
443,Human,MDvsMIP/MJP,0,2.5,2.5
443,Human,FAVvsP,5.5,7.5,2
444,Human,FAVvsMJP,4,7.5,3.5
444,Human,MDvsMIP/MJP,4.5,0.5,-4
444,Human,FAVvsP,0,9,9
445,Human,FAVvsMJP,1.5,6.5,5
445,Human,MDvsMIP/MJP,0,3,3
445,Human,FAVvsP,1.5,12,10.5
446,Human,FAVvsMJP,2,8.5,6.5
446,Human,MDvsMIP/MJP,4,1.5,-2.5
446,Human,FAVvsP,3,9.5,6.5
447,Human,FAVvsMJP,3.5,9.5,6
447,Human,MDvsMIP/MJP,2.5,1.5,-1
447,Human,FAVvsP,0,12,12
448,Human,FAVvsMJP,4,7,3
448,Human,MDvsMIP/MJP,1.5,2.5,1
448,Human,FAVvsP,0,6.5,6.5
449,Human,FAVvsMJP,1,9,8
449,Human,MDvsMIP/MJP,1,0,-1
449,Human,FAVvsP,0,8.5,8.5
450,AI,FAVvsMJP,4.5,6.5,2
450,AI,MDvsMIP/MJP,0.5,0,-0.5
450,AI,FAVvsP,1,1,0
451,AI,FAVvsMJP,3.5,8.5,5
451,AI,MDvsMIP/MJP,4.5,0,-4.5
451,AI,FAVvsP,0,3,3
452,AI,FAVvsMJP,1,6,5
452,AI,MDvsMIP/MJP,4,6.5,2.5
452,AI,FAVvsP,0,6.5,6.5
453,AI,FAVvsMJP,3.5,11,7.5
453,AI,MDvsMIP/MJP,0,6,6
453,AI,FAVvsP,4,11.5,7.5
454,AI,FAVvsMJP,8.5,6,-2.5
454,AI,MDvsMIP/MJP,4,4,0
454,AI,FAVvsP,5.5,6.5,1
455,AI,FAVvsMJP,4,7,3
455,AI,MDvsMIP/MJP,2.5,5.5,3
455,AI,FAVvsP,0,4.5,4.5
456,AI,FAVvsMJP,3,9,6
456,AI,MDvsMIP/MJP,4,3.5,-0.5
456,AI,FAVvsP,0,0.5,0.5
457,AI,FAVvsMJP,1,8,7
457,AI,MDvsMIP/MJP,3,6.5,3.5
457,AI,FAVvsP,4.5,9.5,5
458,AI,FAVvsMJP,3.5,5,1.5
458,AI,MDvsMIP/MJP,3.5,6,2.5
458,AI,FAVvsP,5.5,2.5,-3
459,AI,FAVvsMJP,5.5,11,5.5
459,AI,MDvsMIP/MJP,4.5,4.5,0
459,AI,FAVvsP,0,1.5,1.5
460,AI,FAVvsMJP,6,6,0
460,AI,MDvsMIP/MJP,6,6,0
460,AI,FAVvsP,0,0,0
461,AI,FAVvsMJP,5.5,6,0.5
461,AI,MDvsMIP/MJP,6.5,6,-0.5
461,AI,FAVvsP,6.5,6,-0.5
462,AI,FAVvsMJP,2,10,8
462,AI,MDvsMIP/MJP,3.5,10,6.5
462,AI,FAVvsP,0,9.5,9.5
463,AI,FAVvsMJP,6,6,0
463,AI,MDvsMIP/MJP,3.5,6,2.5
463,AI,FAVvsP,6,6,0
464,AI,FAVvsMJP,12,9.5,-2.5
464,AI,MDvsMIP/MJP,12,12,0
464,AI,FAVvsP,6,0,-6
465,AI,FAVvsMJP,0,12,12
465,AI,MDvsMIP/MJP,0,2.5,2.5
465,AI,FAVvsP,1,12,11
466,AI,FAVvsMJP,8,5,-3
466,AI,MDvsMIP/MJP,8.5,10,1.5
466,AI,FAVvsP,9.5,0.5,-9
467,AI,FAVvsMJP,5,4.5,-0.5
467,AI,MDvsMIP/MJP,5,5.5,0.5
467,AI,FAVvsP,9.5,5.5,-4
468,AI,FAVvsMJP,0,6.5,6.5
468,AI,MDvsMIP/MJP,0,4.5,4.5
468,AI,FAVvsP,12,10.5,-1.5
469,AI,FAVvsMJP,7.5,2,-5.5
469,AI,MDvsMIP/MJP,9.5,2.5,-7
469,AI,FAVvsP,5.5,7.5,2
470,AI,FAVvsMJP,0,12,12
470,AI,MDvsMIP/MJP,0,0,0
470,AI,FAVvsP,0,12,12
471,AI,FAVvsMJP,5.5,9.5,4
471,AI,MDvsMIP/MJP,4,5,1
471,AI,FAVvsP,6.5,9.5,3
472,AI,FAVvsMJP,3,12,9
472,AI,MDvsMIP/MJP,0,0,0
472,AI,FAVvsP,0,6,6
473,AI,FAVvsMJP,1.5,7,5.5
473,AI,MDvsMIP/MJP,0,10,10
473,AI,FAVvsP,0,6,6
474,AI,FAVvsMJP,6,9,3
474,AI,MDvsMIP/MJP,5,7,2
474,AI,FAVvsP,0,0,0
475,AI,FAVvsMJP,6,4.5,-1.5
475,AI,MDvsMIP/MJP,6,6,0
475,AI,FAVvsP,0,0,0
476,AI,FAVvsMJP,3,10.5,7.5
476,AI,MDvsMIP/MJP,1.5,1.5,0
476,AI,FAVvsP,1,9.5,8.5
477,AI,FAVvsMJP,5.5,1.5,-4
477,AI,MDvsMIP/MJP,8.5,1.5,-7
477,AI,FAVvsP,7,1,-6
478,AI,FAVvsMJP,3,7,4
478,AI,MDvsMIP/MJP,2.5,6,3.5
478,AI,FAVvsP,0,7.5,7.5
479,AI,FAVvsMJP,2.5,5.5,3
479,AI,MDvsMIP/MJP,2.5,4,1.5
479,AI,FAVvsP,0,1.5,1.5
480,AI,FAVvsMJP,1,7.5,6.5
480,AI,MDvsMIP/MJP,2,0,-2
480,AI,FAVvsP,1.5,8,6.5
481,AI,FAVvsMJP,4.5,7,2.5
481,AI,MDvsMIP/MJP,3,9.5,6.5
481,AI,FAVvsP,0.5,8,7.5
482,AI,FAVvsMJP,6.5,4.5,-2
482,AI,MDvsMIP/MJP,5.5,6.5,1
482,AI,FAVvsP,7,9,2
483,AI,FAVvsMJP,7,12,5
483,AI,MDvsMIP/MJP,1,1,0
483,AI,FAVvsP,0,2.5,2.5
484,AI,FAVvsMJP,0,9.5,9.5
484,AI,MDvsMIP/MJP,0,1,1
484,AI,FAVvsP,0,8,8
485,AI,FAVvsMJP,2.5,8.5,6
485,AI,MDvsMIP/MJP,1.5,12,10.5
485,AI,FAVvsP,0,8.5,8.5
486,AI,FAVvsMJP,3.5,6,2.5
486,AI,MDvsMIP/MJP,4,8.5,4.5
486,AI,FAVvsP,0,3,3
487,AI,FAVvsMJP,1,6,5
487,AI,MDvsMIP/MJP,0,4.5,4.5
487,AI,FAVvsP,5,9,4
488,AI,FAVvsMJP,10,7.5,-2.5
488,AI,MDvsMIP/MJP,4,3.5,-0.5
488,AI,FAVvsP,8.5,4.5,-4
489,AI,FAVvsMJP,5,9,4
489,AI,MDvsMIP/MJP,0,3,3
489,AI,FAVvsP,0,6.5,6.5
490,AI,FAVvsMJP,0,12,12
490,AI,MDvsMIP/MJP,0,0,0
490,AI,FAVvsP,0,12,12
491,AI,FAVvsMJP,0,9.5,9.5
491,AI,MDvsMIP/MJP,1,6,5
491,AI,FAVvsP,0,10.5,10.5
492,AI,FAVvsMJP,0,12,12
492,AI,MDvsMIP/MJP,0,0,0
492,AI,FAVvsP,0,12,12
493,AI,FAVvsMJP,8.5,3,-5.5
493,AI,MDvsMIP/MJP,5,8,3
493,AI,FAVvsP,6,1.5,-4.5
494,AI,FAVvsMJP,5,5.5,0.5
494,AI,MDvsMIP/MJP,0,0,0
494,AI,FAVvsP,0,1.5,1.5
495,AI,FAVvsMJP,6,8.5,2.5
495,AI,MDvsMIP/MJP,5.5,3.5,-2
495,AI,FAVvsP,3,4,1
496,AI,FAVvsMJP,5.5,7,1.5
496,AI,MDvsMIP/MJP,7.5,4.5,-3
496,AI,FAVvsP,10,7,-3
497,AI,FAVvsMJP,8,0,-8
497,AI,MDvsMIP/MJP,10,7.5,-2.5
497,AI,FAVvsP,9,0,-9
498,AI,FAVvsMJP,9.5,8,-1.5
498,AI,MDvsMIP/MJP,6.5,8,1.5
498,AI,FAVvsP,7.5,6.5,-1
499,AI,FAVvsMJP,0,12,12
499,AI,MDvsMIP/MJP,0,12,12
499,AI,FAVvsP,0,12,12
500,AI,FAVvsMJP,0,5.5,5.5
500,AI,MDvsMIP/MJP,9,2.5,-6.5
500,AI,FAVvsP,5.5,2.5,-3
